"","x"
"1","eIF3e"
"2","Stt3B"
"3","twr"
"4","Fpps"
"5","CRMP"
"6","Prp19"
"7","Sec13"
"8","dco"
"9","RnrL"
"10","KdelR"
"11","SsRbeta"
"12","Cpsf100"
"13","COX7C"
"14","Nup107"
"15","Rpn6"
"16","Tsp96F"
"17","Srp54k"
"18","pic"
"19","Rad23"
"20","CG3040"
"21","UK114"
"22","eEF1delta"
"23","Cam"
"24","Cam"
"25","olf186-F"
"26","olf186-F"
"27","eIF3k"
"28","CG1572"
"29","CG1572"
"30","CG1572"
"31","CG1572"
"32","CG1572"
"33","CG5885"
"34","mRpL24"
"35","Atg8a"
"36","Manf"
"37","CG6084"
"38","CG6084"
"39","Prosbeta5"
"40","mRpL44"
"41","thoc7"
"42","CG3226"
"43","SmB"
"44","AP-1sigma"
"45","sqh"
"46","Nlp"
"47","Arfrp1"
"48","endos"
"49","CG7970"
"50","elm"
"51","vnc"
"52","CG9527"
"53","Nhe3"
"54","Nhe3"
"55","CD98hc"
"56","CG33090"
"57","CG9384"
"58","Tsr1"
"59","CG8311"
"60","Eaat1"
"61","Rpn2"
"62","CG10747"
"63","Cyp9b1"
"64","VhaM9.7-b"
"65","CG9240"
"66","Lmpt"
"67","RpL34a"
"68","CG4593"
"69","Jheh2"
"70","Su(P)"
"71","CG14977"
"72","JTBR"
"73","CG17221"
"74","CG1674"
"75","CG1674"
"76","CG1674"
"77","CG31121"
"78","CG43066"
"79","Mco1"
"80","Mco1"
"81","Mco1"
"82","CG15651"
"83","PTPMT1"
"84","CG16787"
"85","CG4042"
"86","Prosbeta1"
"87","TpnC4"
"88","Aldh-III"
"89","Aldh-III"
"90","mRpL2"
"91","CG8320"
"92","Rab39"
"93","Rab39"
"94","alphaTub85E"
"95","EndoB"
"96","Lac"
"97","CG7523"
"98","CG30423"
"99","CG30423"
"100","Csas"
"101","app"
"102","ics"
"103","sdt"
"104","Pde8"
"105","rl"
"106","Dys"
"107","Gel"
"108","PIG-V"
"109","Mmp1"
"110","Mmp1"
"111","Dmtn"
"112","Dmtn"
"113","Ptp4E"
"114","CG5021"
"115","CG14646"
"116","lt"
"117","SelR"
"118","Sema1a"
"119","Sema1a"
"120","Lmpt"
"121","ps"
"122","cher"
"123","jp"
"124","jp"
"125","jp"
"126","ema"
"127","LpR2"
"128","Fmr1"
"129","yata"
"130","St3"
"131","Vps35"
"132","CG9304"
"133","CG9304"
"134","drd"
"135","sm"
"136","CG40485"
"137","Zasp52"
"138","Zasp52"
"139","Asap"
"140","CG3699"
"141","CG6415"
"142","PIP4K"
"143","PIP4K"
"144","capt"
"145","Neurochondrin"
"146","CG3862"
"147","RpII33"
"148","cpx"
"149","cpx"
"150","wdb"
"151","CG33506"
"152","mtt"
"153","mtt"
"154","mtt"
"155","CG10333"
"156","SelR"
"157","shep"
"158","CAP"
"159","Vha100-1"
"160","CG12038"
"161","Dis3l2"
"162","hoe1"
"163","CG11414"
"164","stck"
"165","nrv3"
"166","Tm2"
"167","Tm2"
"168","Tm2"
"169","AnxB9"
"170","AnxB9"
"171","Eip71CD"
"172","CG18003"
"173","CASK"
"174","disp"
"175","Cip4"
"176","Sh"
"177","Ekar"
"178","GluRIA"
"179","ECSIT"
"180","CG5830"
"181","enc"
"182","Rox8"
"183","Lamp1"
"184","GCC185"
"185","Pdxk"
"186","alc"
"187","CG15111"
"188","wun2"
"189","CRMP"
"190","CG13248"
"191","CG10171"
"192","Ide"
"193","Roe1"
"194","CG9514"
"195","CG7378"
"196","CG7378"
"197","Act88F"
"198","NTPase"
"199","CG1640"
"200","CG1640"
"201","Rpn13"
"202","app"
"203","klhl10"
"204","Rpn3"
"205","Ntl"
"206","TrpRS"
"207","RhoGAP92B"
"208","CG3500"
"209","beta4GalT7"
"210","RpS29"
"211","CG5103"
"212","eIF3b"
"213","CG6479"
"214","Idh"
"215","ZnT35C"
"216","Taz"
"217","CCT5"
"218","ThrRS"
"219","CG33116"
"220","sgg"
"221","CG16790"
"222","beg"
"223","CG5174"
"224","Sc2"
"225","CG5608"
"226","Rpt3"
"227","Octbeta2R"
"228","CG10383"
"229","CG6230"
"230","CG2930"
"231","msk"
"232","Kap-alpha1"
"233","CG30392"
"234","Zw"
"235","Hsp60A"
"236","boss"
"237","boss"
"238","Bub3"
"239","CG9330"
"240","vari"
"241","PyK"
"242","CG5001"
"243","Edem2"
"244","aPKC"
"245","Tom70"
"246","CG6766"
"247","eIF4H1"
"248","dare"
"249","Rat1"
"250","Irk2"
"251","Irk2"
"252","Irk2"
"253","CG40485"
"254","Hexo1"
"255","Dp"
"256","Dp"
"257","Rab32"
"258","numb"
"259","Wdr62"
"260","Wdr62"
"261","RpS11"
"262","COX6B"
"263","cpo"
"264","CG14207"
"265","CG32441"
"266","Vha14-1"
"267","numb"
"268","CG30423"
"269","CG30423"
"270","Cdc37"
"271","CG2064"
"272","Karybeta3"
"273","Pax"
"274","Pax"
"275","Sugb"
"276","CG6154"
"277","CNT1"
"278","bol"
"279","Sirup"
"280","ND-MWFE"
"281","Aldh-III"
"282","Aldh-III"
"283","CG32441"
"284","Rab21"
"285","COX6B"
"286","14-3-3zeta"
"287","RpL23"
"288","RpL29"
"289","mRpL13"
"290","ox"
"291","ND-MNLL"
"292","Mlc-c"
"293","COX7A"
"294","lectin-29Ca"
"295","ATPsynepsilonL"
"296","Drip"
"297","CSN7"
"298","c-cup"
"299","Tctp"
"300","Cka"
"301","Cip4"
"302","mnd"
"303","CG7582"
"304","Eps-15"
"305","MCU"
"306","Ilk"
"307","bbc"
"308","SCAR"
"309","Nurf-38"
"310","up"
"311","Ggamma30A"
"312","CG3262"
"313","mGluR"
"314","ATPsynbeta"
"315","ens"
"316","ens"
"317","ens"
"318","Spred"
"319","Arp2"
"320","Wbp2"
"321","CG4678"
"322","Myo61F"
"323","CG42540"
"324","CG17691"
"325","CG17715"
"326","RpS15Ab"
"327","CG5903"
"328","ND-PDSW"
"329","mRpL12"
"330","mRpL10"
"331","CG7382"
"332","CIA30"
"333","Ntf-2"
"334","CG14715"
"335","ND-23"
"336","RpL17"
"337","Clc"
"338","Clc"
"339","CG11899"
"340","eIF2Balpha"
"341","CG11007"
"342","Prosbeta3"
"343","RpL11"
"344","Ho"
"345","CG12935"
"346","CG9248"
"347","CG3630"
"348","SkpA"
"349","CG1271"
"350","CG10068"
"351","Nipsnap"
"352","Cdk5"
"353","RhoGAP68F"
"354","stmA"
"355","Pp1-87B"
"356","Snap29"
"357","Tsp97E"
"358","Wwox"
"359","RhoGAP71E"
"360","CG5890"
"361","sun"
"362","GLS"
"363","Csp"
"364","CG34242"
"365","DIP-epsilon"
"366","DIP-epsilon"
"367","5-HT1B"
"368","Nost"
"369","CG4462"
"370","Surf1"
"371","RpL13"
"372","btz"
"373","prel"
"374","put"
"375","put"
"376","RpLP2"
"377","CG18858"
"378","Axs"
"379","CG14669"
"380","Rpt4"
"381","CG5028"
"382","CG13510"
"383","CG5946"
"384","Alr"
"385","ND-B14.5A"
"386","CG10616"
"387","sm"
"388","CG32809"
"389","CG32809"
"390","CG15629"
"391","Cyp313a1"
"392","Cyp313a1"
"393","CG12512"
"394","CG3841"
"395","vib"
"396","14-3-3epsilon"
"397","CG18747"
"398","CG10166"
"399","CG34293"
"400","Ufm1"
"401","kek6"
"402","kek6"
"403","Est-6"
"404","Est-6"
"405","Ufm1"
"406","VAChT"
"407","RpS11"
"408","CG5196"
"409","RanBPM"
"410","Ced-12"
"411","NAAT1"
"412","PHGPx"
"413","Rtnl1"
"414","Rtnl1"
"415","Rtnl1"
"416","mtd"
"417","mtd"
"418","Papss"
"419","HnRNP-K"
"420","scramb1"
"421","Dsp1"
"422","Papss"
"423","fbp"
"424","sdt"
"425","Cp1"
"426","ND-ASHI"
"427","l(2)gl"
"428","Hrb98DE"
"429","Rtnl1"
"430","Rtnl1"
"431","Rtnl1"
"432","Trp1"
"433","Lon"
"434","flr"
"435","fax"
"436","spoon"
"437","Pu"
"438","CG7461"
"439","wdb"
"440","CG1814"
"441","CG1440"
"442","14-3-3epsilon"
"443","CG3213"
"444","CG16758"
"445","Got2"
"446","Hrb98DE"
"447","CG14736"
"448","mfas"
"449","CG18508"
"450","CG5021"
"451","Taz"
"452","Syn2"
"453","tzn"
"454","CG17387"
"455","bru1"
"456","bru1"
"457","CG11779"
"458","Drp1"
"459","Psa"
"460","CG42668"
"461","CG42668"
"462","Irk1"
"463","mge"
"464","Gs2"
"465","Treh"
"466","CG9485"
"467","CG6707"
"468","CG42514"
"469","Moe"
"470","Hrs"
"471","Men"
"472","RpLP1"
"473","Rpn6"
"474","aralar1"
"475","Flo2"
"476","regucalcin"
"477","CG2246"
"478","fab1"
"479","grsm"
"480","Cpr"
"481","CG32549"
"482","Pka-R1"
"483","Pka-R1"
"484","kdn"
"485","ERp60"
"486","AdipoR"
"487","CAP"
"488","Ehbp1"
"489","svr"
"490","dnc"
"491","CG2246"
"492","Sam-S"
"493","CG3625"
"494","mRpL20"
"495","Pfk"
"496","CG9941"
"497","RpL3"
"498","capu"
"499","svr"
"500","ine"
"501","dl"
"502","dl"
"503","Ptpmeg2"
"504","AP-1gamma"
"505","Psa"
"506","RhoGEF3"
"507","RhoGEF3"
"508","Dhap-at"
"509","AP-1gamma"
"510","AGO1"
"511","14-3-3zeta"
"512","RpS15"
"513","CG3625"
"514","sif"
"515","Mgstl"
"516","Pxn"
"517","CG33181"
"518","FASN2"
"519","CG9003"
"520","sesB"
"521","Ptpmeg2"
"522","CG32549"
"523","ND-ASHI"
"524","rad50"
"525","svr"
"526","CG6330"
"527","GLS"
"528","Tpr2"
"529","UQCR-14"
"530","ND-ACP"
"531","CG30349"
"532","Nop56"
"533","Indy"
"534","Vha100-1"
"535","HBS1"
"536","Nrx-IV"
"537","Lmpt"
"538","Eb1"
"539","Trs23"
"540","Trx-2"
"541","Rbp1"
"542","rl"
"543","CG5059"
"544","Tsp5D"
"545","Mob2"
"546","fwe"
"547","mtd"
"548","mtd"
"549","Vps20"
"550","AIMP2"
"551","Pu"
"552","zyd"
"553","mfas"
"554","Traf-like"
"555","AhcyL1"
"556","AhcyL1"
"557","Pvr"
"558","Pvr"
"559","Pvr"
"560","Dyb"
"561","eIF4H1"
"562","mino"
"563","CG9662"
"564","CG8270"
"565","Hsepi"
"566","dlg1"
"567","Pde8"
"568","Den1"
"569","galectin"
"570","galectin"
"571","galectin"
"572","galectin"
"573","galectin"
"574","CG43367"
"575","CG14762"
"576","CG14762"
"577","inaD"
"578","inaD"
"579","Prip"
"580","sm"
"581","CG18259"
"582","Vps35"
"583","Strumpellin"
"584","RFeSP"
"585","spir"
"586","GlyS"
"587","Nost"
"588","Dek"
"589","CG7886"
"590","Vha68-2"
"591","CG18155"
"592","smid"
"593","Ror"
"594","Ror"
"595","CG10737"
"596","Dd"
"597","Rab32"
"598","CG15117"
"599","ste24a"
"600","Hk"
"601","Hk"
"602","hook"
"603","Hex-A"
"604","CG6565"
"605","eIF2Bdelta"
"606","Fim"
"607","Fim"
"608","CG6693"
"609","Vps51"
"610","CkIalpha"
"611","CG6805"
"612","CG1637"
"613","CG10425"
"614","Sdc"
"615","Sdc"
"616","Sdc"
"617","Paf-AHalpha"
"618","CG12746"
"619","AnxB9"
"620","AnxB9"
"621","Mo25"
"622","mrj"
"623","mrj"
"624","ScpX"
"625","Fgop2"
"626","DCTN4-p62"
"627","CG10802"
"628","Kap-alpha3"
"629","Rtnl1"
"630","Rtnl1"
"631","Rtnl1"
"632","Dnz1"
"633","Pur-alpha"
"634","CG5149"
"635","Pi3K68D"
"636","ifc"
"637","CG32750"
"638","koi"
"639","CG5880"
"640","fne"
"641","larp"
"642","CG10237"
"643","7B2"
"644","wupA"
"645","wupA"
"646","wupA"
"647","wupA"
"648","wupA"
"649","wupA"
"650","Pect"
"651","MAPk-Ak2"
"652","CG16758"
"653","Sdc"
"654","Sdc"
"655","Sdc"
"656","Fib"
"657","Spn42Da"
"658","CG1637"
"659","Culd"
"660","Culd"
"661","wupA"
"662","wupA"
"663","wupA"
"664","gish"
"665","UGP"
"666","AP-2alpha"
"667","CG13384"
"668","CG13384"
"669","CG13384"
"670","CG13384"
"671","Hrb98DE"
"672","sw"
"673","ens"
"674","ens"
"675","ens"
"676","up"
"677","CG42542"
"678","CG30122"
"679","CG2747"
"680","Glut1"
"681","Glut1"
"682","glob1"
"683","Patronin"
"684","CG9775"
"685","nSyb"
"686","PhKgamma"
"687","Cow"
"688","CG42668"
"689","CG42668"
"690","RtGEF"
"691","RtGEF"
"692","pug"
"693","iPLA2-VIA"
"694","sw"
"695","ras"
"696","SERCA"
"697","CG5793"
"698","GABA-B-R1"
"699","CG42748"
"700","Clbn"
"701","Dap160"
"702","CG15279"
"703","CG1674"
"704","CG1674"
"705","CG1674"
"706","CG31140"
"707","Arpc3A"
"708","GluClalpha"
"709","Myo28B1"
"710","mub"
"711","CG42495"
"712","mesh"
"713","ClC-a"
"714","mRpL37"
"715","gish"
"716","CG2747"
"717","bur"
"718","CG1354"
"719","msps"
"720","rad50"
"721","CG30122"
"722","CG8726"
"723","Nrx-1"
"724","Nrx-1"
"725","par-1"
"726","KrT95D"
"727","NKAIN"
"728","NKAIN"
"729","CG13887"
"730","SPoCk"
"731","AP-1sigma"
"732","RhoGAP1A"
"733","sgg"
"734","Zasp52"
"735","Zasp52"
"736","Evi5"
"737","frc"
"738","whd"
"739","Asph"
"740","PIG-X"
"741","nAChRbeta3"
"742","nAChRbeta3"
"743","CG9302"
"744","Dop1R1"
"745","sky"
"746","CG1674"
"747","CG1674"
"748","CG1674"
"749","lig"
"750","mfas"
"751","CG14207"
"752","tko"
"753","snama"
"754","Nhe3"
"755","Nhe3"
"756","tau"
"757","CG2698"
"758","Rab8"
"759","CG18815"
"760","CG7115"
"761","Cip4"
"762","ND-B17.2"
"763","Syp"
"764","Syp"
"765","Myo61F"
"766","GluProRS"
"767","mnd"
"768","CG9257"
"769","AMPdeam"
"770","Dop1R1"
"771","Tm1"
"772","nAChRbeta1"
"773","nAChRbeta1"
"774","nAChRbeta1"
"775","nAChRbeta1"
"776","CG31760"
"777","babo"
"778","CG8177"
"779","LRR"
"780","Nup98-96"
"781","tmod"
"782","vimar"
"783","fwe"
"784","Myo95E"
"785","sw"
"786","CG42813"
"787","up"
"788","Dsp1"
"789","Adi1"
"790","Ndae1"
"791","Ndae1"
"792","Ndae1"
"793","CG3262"
"794","mRpL39"
"795","teq"
"796","mRpS24"
"797","CG17691"
"798","RpS3A"
"799","CG8245"
"800","tkv"
"801","CG34120"
"802","CG16935"
"803","CG2224"
"804","CG13442"
"805","snz"
"806","Trap1"
"807","Hmgcr"
"808","CG10064"
"809","CG13032"
"810","psidin"
"811","Pp2A-29B"
"812","CG12194"
"813","smp-30"
"814","Trp1"
"815","Snp"
"816","RhoGDI"
"817","frj"
"818","Rpn9"
"819","CG8460"
"820","OstDelta"
"821","schlank"
"822","schlank"
"823","Arp2"
"824","Ent1"
"825","ced-6"
"826","Amph"
"827","C1GalTA"
"828","Pex16"
"829","ApepP"
"830","CCT3"
"831","Ance"
"832","CG7222"
"833","NTPase"
"834","drk"
"835","CG7289"
"836","CG6178"
"837","sds22"
"838","Rab11"
"839","Fdh"
"840","lwr"
"841","CG8635"
"842","CG8209"
"843","CG17270"
"844","CG10077"
"845","hfp"
"846","CG8475"
"847","Tsp97E"
"848","Dpck"
"849","CG1161"
"850","CadN2"
"851","CadN2"
"852","CadN2"
"853","CadN2"
"854","CadN2"
"855","CadN2"
"856","CadN2"
"857","CadN2"
"858","CadN2"
"859","CadN2"
"860","CadN2"
"861","CadN2"
"862","CadN2"
"863","CadN2"
"864","CadN2"
"865","CadN2"
"866","CadN2"
"867","CadN2"
"868","CadN2"
"869","sfl"
"870","SNF4Agamma"
"871","CG14184"
"872","Vha16-3"
"873","CG14817"
"874","Pkd2"
"875","Pkd2"
"876","Ddc"
"877","galectin"
"878","galectin"
"879","galectin"
"880","galectin"
"881","galectin"
"882","Caf1-55"
"883","Pop2"
"884","CG5044"
"885","YME1L"
"886","sw"
"887","Pgd"
"888","CG15537"
"889","Pgant35A"
"890","CG8379"
"891","ATPsynC"
"892","Nop60B"
"893","Stim"
"894","Prestin"
"895","CG17896"
"896","CG14971"
"897","RhoGAP100F"
"898","alpha-Cat"
"899","CG6184"
"900","mRpL49"
"901","LysRS"
"902","Lpin"
"903","Dis3"
"904","CG9471"
"905","rl"
"906","AstA-R1"
"907","PNPase"
"908","Ntl"
"909","CG31751"
"910","CG14805"
"911","Spt6"
"912","l(3)72Dp"
"913","nmdyn-D7"
"914","CG14883"
"915","CG5022"
"916","Syx4"
"917","Syx4"
"918","Ppt1"
"919","Sec10"
"920","CG9149"
"921","CG5144"
"922","CG9257"
"923","Moe"
"924","AMPdeam"
"925","CG12163"
"926","ced-6"
"927","Aldh-III"
"928","Aldh-III"
"929","Actn"
"930","Actn"
"931","Pur-alpha"
"932","GluProRS"
"933","Fim"
"934","Fim"
"935","CG8500"
"936","SelR"
"937","Cam"
"938","Cam"
"939","CG8209"
"940","Nmt"
"941","Hrd3"
"942","flw"
"943","Desat1"
"944","Rab10"
"945","pit"
"946","CG10026"
"947","pAbp"
"948","CG5447"
"949","CG11811"
"950","ref(2)P"
"951","blw"
"952","Usp20-33"
"953","Hrb27C"
"954","Sirt4"
"955","rush"
"956","CG5946"
"957","RpS8"
"958","Rap1"
"959","Synj"
"960","CG7582"
"961","Pgk"
"962","l(3)02640"
"963","AGO1"
"964","otk"
"965","Hsc70-4"
"966","RSG7"
"967","scu"
"968","RpL36A"
"969","CG14857"
"970","Txl"
"971","Octbeta2R"
"972","Arpc3A"
"973","CG32441"
"974","ens"
"975","ens"
"976","ens"
"977","mfas"
"978","Npl4"
"979","Nhe2"
"980","Nhe2"
"981","CG1628"
"982","waw"
"983","NKAIN"
"984","NKAIN"
"985","CG17271"
"986","CG32225"
"987","Pex19"
"988","Arpc3A"
"989","rasp"
"990","CG3961"
"991","Irk1"
"992","Zw10"
"993","CG13096"
"994","Srp72"
"995","sll"
"996","Usp8"
"997","brp"
"998","Tango5"
"999","Tm2"
"1000","Tm2"
"1001","Tm2"
"1002","Fas3"
"1003","Suv3"
"1004","SppL"
"1005","Nep3"
"1006","l(1)G0020"
"1007","vari"
"1008","jdp"
"1009","Mal-B2"
"1010","Exo84"
"1011","cher"
"1012","jar"
"1013","KCNQ"
"1014","KCNQ"
"1015","Esyt2"
"1016","Snx1"
"1017","SPoCk"
"1018","Pka-R1"
"1019","Pka-R1"
"1020","AP-1gamma"
"1021","Pde8"
"1022","ClC-a"
"1023","l(3)76BDm"
"1024","Exo70"
"1025","CG15890"
"1026","CG9297"
"1027","sgg"
"1028","mesh"
"1029","Got2"
"1030","CG1513"
"1031","CG6231"
"1032","ZnT49B"
"1033","Syt4"
"1034","Syt4"
"1035","CG15117"
"1036","CG11779"
"1037","CG12096"
"1038","Asator"
"1039","flw"
"1040","GlyRS"
"1041","cora"
"1042","tmod"
"1043","Pfk"
"1044","EloA"
"1045","UGP"
"1046","CG14411"
"1047","Nost"
"1048","Vps53"
"1049","Pkn"
"1050","godzilla"
"1051","godzilla"
"1052","Tm1"
"1053","sws"
"1054","lqf"
"1055","Pvr"
"1056","Pvr"
"1057","Pvr"
"1058","Spn"
"1059","nAChRbeta2"
"1060","nAChRbeta2"
"1061","Ent3"
"1062","GAA1"
"1063","betaTub56D"
"1064","Cul3"
"1065","Cyp4d21"
"1066","SCAR"
"1067","Gycalpha99B"
"1068","CG7565"
"1069","CG7565"
"1070","Fim"
"1071","Fim"
"1072","G6P"
"1073","CG6191"
"1074","Ptp61F"
"1075","Ptp61F"
"1076","Lsd-1"
"1077","List"
"1078","bsk"
"1079","bsk"
"1080","B52"
"1081","B52"
"1082","Hexo1"
"1083","CG9132"
"1084","CG9132"
"1085","lectin-24Db"
"1086","Rpn13"
"1087","CG5823"
"1088","Sf3b3"
"1089","CG5214"
"1090","Galphao"
"1091","Dsp1"
"1092","eIF5"
"1093","CG10778"
"1094","CG11679"
"1095","Rbp1"
"1096","Ect3"
"1097","nst"
"1098","CG3156"
"1099","twin"
"1100","Myd88"
"1101","RanGAP"
"1102","Nost"
"1103","CG1227"
"1104","BicD"
"1105","Ras85D"
"1106","MSBP"
"1107","Klc"
"1108","Pka-C1"
"1109","Pka-C1"
"1110","CG7997"
"1111","CG10103"
"1112","CG9281"
"1113","U2af50"
"1114","ttm50"
"1115","CG8839"
"1116","ZnT41F"
"1117","vig"
"1118","Dip-C"
"1119","DCTN2-p50"
"1120","heix"
"1121","trio"
"1122","ClC-c"
"1123","Sema2b"
"1124","Sema2b"
"1125","CG12163"
"1126","crq"
"1127","S6k"
"1128","S6k"
"1129","Spat"
"1130","CG6972"
"1131","dnc"
"1132","CG1814"
"1133","Frq2"
"1134","RFeSP"
"1135","CG31729"
"1136","Pkn"
"1137","Atpalpha"
"1138","CG6959"
"1139","Ctr1A"
"1140","unc79"
"1141","NTPase"
"1142","Cul5"
"1143","mio"
"1144","Doa"
"1145","Myo28B1"
"1146","CG9253"
"1147","CG33523"
"1148","CG7483"
"1149","CG10338"
"1150","FucTA"
"1151","FucTA"
"1152","Nurf-38"
"1153","CG8243"
"1154","GckIII"
"1155","tmod"
"1156","dl"
"1157","dl"
"1158","Usp8"
"1159","unc-45"
"1160","eag"
"1161","rump"
"1162","CG9706"
"1163","Mon1"
"1164","PIG-O"
"1165","Sec8"
"1166","CG5853"
"1167","MRP"
"1168","bbc"
"1169","Sam-S"
"1170","Slik"
"1171","ND-39"
"1172","ninaC"
"1173","Sec3"
"1174","CDase"
"1175","CDase"
"1176","DnaJ-60"
"1177","PIG-G"
"1178","bsf"
"1179","CG2641"
"1180","mrj"
"1181","mrj"
"1182","CG34124"
"1183","Pax"
"1184","Pax"
"1185","dia"
"1186","Zn72D"
"1187","cpx"
"1188","bves"
"1189","cu"
"1190","Dbp73D"
"1191","spin"
"1192","CG18659"
"1193","CAP"
"1194","B52"
"1195","B52"
"1196","wupA"
"1197","wupA"
"1198","wupA"
"1199","CG32638"
"1200","Top2"
"1201","RhoGAPp190"
"1202","GluRIB"
"1203","NAT1"
"1204","mask"
"1205","bel"
"1206","pont"
"1207","slmb"
"1208","IntS11"
"1209","VhaAC45"
"1210","CG8745"
"1211","Hex-A"
"1212","Dek"
"1213","sky"
"1214","cact"
"1215","Baldspot"
"1216","Su(dx)"
"1217","Su(dx)"
"1218","slgA"
"1219","sau"
"1220","Hip14"
"1221","GABPI"
"1222","CG11069"
"1223","CG7137"
"1224","rept"
"1225","ClC-c"
"1226","4E-T"
"1227","sqd"
"1228","Not3"
"1229","Galphaq"
"1230","Hip1"
"1231","Hip1"
"1232","Cals"
"1233","Gad1"
"1234","ine"
"1235","Ndae1"
"1236","Ndae1"
"1237","Ndae1"
"1238","Sema2a"
"1239","AlaRS-m"
"1240","Wdr62"
"1241","Wdr62"
"1242","l(2)gl"
"1243","tacc"
"1244","tacc"
"1245","smt3"
"1246","CG3609"
"1247","Mtap"
"1248","pyd3"
"1249","homer"
"1250","M6"
"1251","Hydr2"
"1252","Rs1"
"1253","Bsg"
"1254","Cul1"
"1255","wech"
"1256","Pp2B-14D"
"1257","CG12773"
"1258","wtrw"
"1259","CG45049"
"1260","kcc"
"1261","subdued"
"1262","Glg1"
"1263","CG6191"
"1264","Eip63E"
"1265","heph"
"1266","heph"
"1267","heph"
"1268","Rpt5"
"1269","wun"
"1270","CCT5"
"1271","Tapdelta"
"1272","Nmt"
"1273","eIF3h"
"1274","Coprox"
"1275","Nup154"
"1276","capt"
"1277","Uch-L5"
"1278","GlyP"
"1279","eEF1beta"
"1280","mmy"
"1281","Ref1"
"1282","Uch"
"1283","LManII"
"1284","Dic1"
"1285","CG8230"
"1286","hoe1"
"1287","Vps4"
"1288","Vps4"
"1289","Rh50"
"1290","cindr"
"1291","Sema1b"
"1292","Ppcs"
"1293","Vha26"
"1294","CG7985"
"1295","Appl"
"1296","Mitofilin"
"1297","GCS2alpha"
"1298","Fkbp14"
"1299","CG4928"
"1300","wdb"
"1301","CG11070"
"1302","CysRS"
"1303","botv"
"1304","Vha100-1"
"1305","peng"
"1306","CG3909"
"1307","for"
"1308","snama"
"1309","Dp1"
"1310","Rpn1"
"1311","Vha100-2"
"1312","CG7115"
"1313","CG10254"
"1314","Patj"
"1315","aub"
"1316","Hrd3"
"1317","Non1"
"1318","CG4757"
"1319","CG7601"
"1320","eIF2alpha"
"1321","PCB"
"1322","AsnRS"
"1323","mino"
"1324","Cadps"
"1325","caps"
"1326","Mtr4"
"1327","Sap-r"
"1328","CG3149"
"1329","phtf"
"1330","CG18659"
"1331","betaCOP"
"1332","wal"
"1333","mbf1"
"1334","CG8042"
"1335","norpA"
"1336","NELF-B"
"1337","CG6495"
"1338","nito"
"1339","GlnRS"
"1340","Pfk"
"1341","CG17841"
"1342","Mtpalpha"
"1343","epsilonCOP"
"1344","out"
"1345","Dbp73D"
"1346","CG6983"
"1347","Prosalpha2"
"1348","CG3436"
"1349","Rac2"
"1350","bug"
"1351","RpL13A"
"1352","Ran"
"1353","Pex10"
"1354","Cyt-c1"
"1355","Jafrac1"
"1356","Pfdn5"
"1357","wupA"
"1358","wupA"
"1359","wupA"
"1360","Cdc42"
"1361","Cchl"
"1362","GstS1"
"1363","Mob4"
"1364","mRpL16"
"1365","CG1750"
"1366","His2Av"
"1367","Nap1"
"1368","Rala"
"1369","CG11583"
"1370","CG9393"
"1371","CG5854"
"1372","Taldo"
"1373","Set"
"1374","SdhB"
"1375","eIF3m"
"1376","Tom40"
"1377","AdipoR"
"1378","CG10932"
"1379","ben"
"1380","CG4882"
"1381","fbl"
"1382","Prosbeta7"
"1383","Sgt"
"1384","Arf79F"
"1385","Sod2"
"1386","CG15012"
"1387","Gclm"
"1388","Ptpa"
"1389","Sptr"
"1390","CG18815"
"1391","nSyb"
"1392","CG14997"
"1393","rtp"
"1394","CHOp24"
"1395","mRpS30"
"1396","qkr58E-1"
"1397","CG15093"
"1398","CG13920"
"1399","RpII33"
"1400","CG6218"
"1401","nmd"
"1402","Der-1"
"1403","kraken"
"1404","wol"
"1405","Wdr82"
"1406","Mpc1"
"1407","CG5045"
"1408","DNaseII"
"1409","Rab18"
"1410","DAT"
"1411","7B2"
"1412","CG7506"
"1413","CG9804"
"1414","GXIVsPLA2"
"1415","Syx16"
"1416","Rheb"
"1417","Jupiter"
"1418","sel"
"1419","gammaSnap1"
"1420","CG10252"
"1421","CG5339"
"1422","Trs31"
"1423","CG3663"
"1424","Ufd1-like"
"1425","ATPsynF"
"1426","CG5862"
"1427","PGRP-LB"
"1428","CG6028"
"1429","ND-15"
"1430","Jafrac2"
"1431","Vps29"
"1432","Chmp1"
"1433","CG7675"
"1434","Atg3"
"1435","ND-30"
"1436","AnxB10"
"1437","AnxB10"
"1438","tzn"
"1439","GstO2"
"1440","CG8237"
"1441","CG7168"
"1442","Ufc1"
"1443","P32"
"1444","Arl5"
"1445","ND-20"
"1446","TSG101"
"1447","RpS9"
"1448","CG42375"
"1449","Prosalpha5"
"1450","mRpL4"
"1451","Torsin"
"1452","mRpL19"
"1453","Tom20"
"1454","CG1532"
"1455","Dlc90F"
"1456","CG14207"
"1457","MCTS1"
"1458","CG11035"
"1459","CG6523"
"1460","RfC4"
"1461","TFAM"
"1462","PQBP1"
"1463","Rae1"
"1464","Spase25"
"1465","snf"
"1466","Prx5"
"1467","CG1307"
"1468","Sras"
"1469","CG1236"
"1470","GstZ1"
"1471","CG12321"
"1472","CG8031"
"1473","ppl"
"1474","mge"
"1475","CG11095"
"1476","CG13887"
"1477","Oscillin"
"1478","EMC8-9"
"1479","EMC8-9"
"1480","CG30382"
"1481","regucalcin"
"1482","opm"
"1483","Adk2"
"1484","Rab2"
"1485","Tspo"
"1486","Pgam5"
"1487","ND-24"
"1488","Nacalpha"
"1489","l(2)37Cc"
"1490","CG7834"
"1491","CG8768"
"1492","Rho1"
"1493","CG1827"
"1494","CG6094"
"1495","Pglym87"
"1496","RpS5a"
"1497","RpS23"
"1498","eIF3i"
"1499","l(1)G0320"
"1500","140up"
"1501","CG9231"
"1502","Ciao1"
"1503","mRpS7"
"1504","EndoG"
"1505","sni"
"1506","CG13601"
"1507","jagn"
"1508","CG10672"
"1509","CG3262"
"1510","CG11170"
"1511","CG13603"
"1512","ATPsynB"
"1513","ATPsynbeta"
"1514","CG8004"
"1515","CG7789"
"1516","Prosalpha7"
"1517","Dak1"
"1518","CG3756"
"1519","ATPsynC"
"1520","colt"
"1521","Hsc70-5"
"1522","scramb1"
"1523","AspRS"
"1524","Nmd3"
"1525","TyrRS"
"1526","Tao"
"1527","me31B"
"1528","kra"
"1529","alphaSnap"
"1530","CG8379"
"1531","kri"
"1532","bmm"
"1533","Rab35"
"1534","Snx6"
"1535","Snx6"
"1536","Galphai"
"1537","Galphai"
"1538","Rcc1"
"1539","Tango11"
"1540","noi"
"1541","eRF1"
"1542","tamo"
"1543","LysRS"
"1544","Catsup"
"1545","alph"
"1546","Pdk"
"1547","sau"
"1548","CG8520"
"1549","CG16721"
"1550","CG4662"
"1551","RpS13"
"1552","alpha-PheRS"
"1553","CG5027"
"1554","CG6650"
"1555","CCT8"
"1556","eIF2D"
"1557","CG3776"
"1558","Sec6"
"1559","Tango4"
"1560","Ilk"
"1561","prtp"
"1562","Nup54"
"1563","CG7872"
"1564","CG7414"
"1565","Nmdmc"
"1566","Nup93-2"
"1567","PI31"
"1568","FeCH"
"1569","fbp"
"1570","IscU"
"1571","CG5590"
"1572","ATPsynO"
"1573","wls"
"1574","CG14762"
"1575","CG14762"
"1576","l(2)efl"
"1577","Oat"
"1578","TM9SF4"
"1579","Letm1"
"1580","VhaPPA1-1"
"1581","CG7218"
"1582","Rab7"
"1583","alpha-Man-IIa"
"1584","CG10939"
"1585","CG33671"
"1586","CG1407"
"1587","NP15.6"
"1588","CG3529"
"1589","Lsd-2"
"1590","Pop2"
"1591","Mms19"
"1592","Syx17"
"1593","CG8336"
"1594","Gnf1"
"1595","CtsB1"
"1596","CG9547"
"1597","CG9119"
"1598","CG7556"
"1599","CG1309"
"1600","Sac1"
"1601","Rab6"
"1602","GlyRS"
"1603","CG8728"
"1604","atl"
"1605","CSN4"
"1606","CG6330"
"1607","CAH1"
"1608","CAH1"
"1609","CAH1"
"1610","CG7772"
"1611","rdgB"
"1612","CG6013"
"1613","cpa"
"1614","cpa"
"1615","Bmcp"
"1616","Rpn5"
"1617","Ostgamma"
"1618","Ostgamma"
"1619","Ent2"
"1620","Fmo-2"
"1621","Gk1"
"1622","Gk1"
"1623","PpD3"
"1624","Gfat2"
"1625","Zn72D"
"1626","Nup62"
"1627","Vha36-1"
"1628","S-Lap1"
"1629","mlt"
"1630","CG4995"
"1631","Pglym78"
"1632","Pglym78"
"1633","Pgi"
"1634","CG8314"
"1635","CCT6"
"1636","bun"
"1637","Opa1"
"1638","MetRS-m"
"1639","CG13630"
"1640","CG2046"
"1641","alpha-Est7"
"1642","shrb"
"1643","CG2493"
"1644","YME1L"
"1645","BI-1"
"1646","Vps24"
"1647","CG42542"
"1648","Mfe2"
"1649","eff"
"1650","eff"
"1651","UQCR-C1"
"1652","dlg1"
"1653","Idh"
"1654","und"
"1655","Cyt-b5-r"
"1656","Cyt-b5-r"
"1657","Cyt-b5-r"
"1658","CG6465"
"1659","RagA-B"
"1660","flw"
"1661","CG2246"
"1662","Dlic"
"1663","Dlic"
"1664","SpdS"
"1665","Ktl"
"1666","Ktl"
"1667","CG6126"
"1668","CG32549"
"1669","CG3106"
"1670","AMPdeam"
"1671","Galk"
"1672","Irk2"
"1673","Irk2"
"1674","Irk2"
"1675","Cbp53E"
"1676","mtd"
"1677","mtd"
"1678","CG13326"
"1679","FucT6"
"1680","sei"
"1681","CG9951"
"1682","CG3121"
"1683","SdhA"
"1684","ERp60"
"1685","CG1814"
"1686","CG6432"
"1687","CG15279"
"1688","Tektin-A"
"1689","RagC-D"
"1690","312"
"1691","Faf2"
"1692","faf"
"1693","Lmpt"
"1694","CG30159"
"1695","CG12333"
"1696","Prat2"
"1697","Drat"
"1698","Drat"
"1699","D2hgdh"
"1700","deltaCOP"
"1701","papi"
"1702","CG5955"
"1703","CG5287"
"1704","CG8199"
"1705","CG11200"
"1706","CG13458"
"1707","Cyp12c1"
"1708","CG42322"
"1709","ABCB7"
"1710","Pde8"
"1711","Ssadh"
"1712","Orct"
"1713","Bsg"
"1714","CG3793"
"1715","CG8026"
"1716","CG5805"
"1717","CG1909"
"1718","nAChRalpha2"
"1719","DAT"
"1720","tmod"
"1721","Desat1"
"1722","Drice"
"1723","CysRS-m"
"1724","SMSr"
"1725","Rab5"
"1726","Rab5"
"1727","Cog3"
"1728","CCT2"
"1729","CG8888"
"1730","CG8888"
"1731","CG2010"
"1732","Timp"
"1733","Nmda1"
"1734","CG10483"
"1735","Cyp9f2"
"1736","Vha55"
"1737","nwk"
"1738","CG7497"
"1739","CG7497"
"1740","Syp"
"1741","Syp"
"1742","CG6550"
"1743","PhKgamma"
"1744","igl"
"1745","CG8654"
"1746","Chd64"
"1747","ND-51"
"1748","Hk"
"1749","Hk"
"1750","mars"
"1751","wus"
"1752","CG9300"
"1753","ZnT63C"
"1754","MRG15"
"1755","l(2)gd1"
"1756","Lst8"
"1757","Cyp6a13"
"1758","Papss"
"1759","Gbeta13F"
"1760","P58IPK"
"1761","numb"
"1762","CG8814"
"1763","Rpt6"
"1764","mts"
"1765","MCU"
"1766","CG4407"
"1767","rogdi"
"1768","Hmgs"
"1769","CG10602"
"1770","Prip"
"1771","Ubc4"
"1772","CTPsyn"
"1773","Gale"
"1774","Vti1a"
"1775","CG7275"
"1776","Acer"
"1777","Pvf1"
"1778","CG6962"
"1779","mtm"
"1780","Uev1A"
"1781","fwe"
"1782","CG1542"
"1783","bru1"
"1784","bru1"
"1785","gny"
"1786","CG14613"
"1787","Sec71"
"1788","Zip48C"
"1789","ND-42"
"1790","CG8507"
"1791","Bap55"
"1792","Bap55"
"1793","rumi"
"1794","Arpc2"
"1795","Sec61alpha"
"1796","CG18787"
"1797","Vap33"
"1798","lost"
"1799","shv"
"1800","CG5276"
"1801","Hrs"
"1802","CG12301"
"1803","AP-1mu"
"1804","mRpL1"
"1805","LamC"
"1806","LamC"
"1807","CG15118"
"1808","CG5850"
"1809","mbo"
"1810","Lac"
"1811","CG7878"
"1812","Arp10"
"1813","Caf1-55"
"1814","Pop2"
"1815","dlg1"
"1816","mdy"
"1817","CG5037"
"1818","Ykt6"
"1819","Rac1"
"1820","Rac1"
"1821","pelo"
"1822","TBCC"
"1823","TfIIS"
"1824","CG31637"
"1825","CG31637"
"1826","CG4293"
"1827","Src42A"
"1828","aralar1"
"1829","Adgf-A"
"1830","CG7456"
"1831","Arp3"
"1832","Irp-1A"
"1833","CG1407"
"1834","Sap47"
"1835","CG17985"
"1836","CG1275"
"1837","Syx18"
"1838","Abi"
"1839","Tm1"
"1840","pnut"
"1841","trc"
"1842","slif"
"1843","Ufl1"
"1844","CG11771"
"1845","CG4953"
"1846","Zpr1"
"1847","PIG-U"
"1848","CG5002"
"1849","CG4645"
"1850","Atg18a"
"1851","Sar1"
"1852","stck"
"1853","JhI-21"
"1854","Ama"
"1855","CG8602"
"1856","Rab10"
"1857","gammaTub23C"
"1858","Nprl2"
"1859","CG11537"
"1860","Ccdc56"
"1861","Sam-S"
"1862","SF2"
"1863","Papst2"
"1864","l(1)G0289"
"1865","Dsor1"
"1866","Ppox"
"1867","eIF2Bepsilon"
"1868","CG4332"
"1869","Pex3"
"1870","CG9911"
"1871","Srp68"
"1872","mEFTs"
"1873","Ggt-1"
"1874","dock"
"1875","ergic53"
"1876","Mtch"
"1877","CG1416"
"1878","Pka-R1"
"1879","Pka-R1"
"1880","ics"
"1881","Arfip"
"1882","DhpD"
"1883","TM9SF2"
"1884","PGAP3"
"1885","sgg"
"1886","sut1"
"1887","Rab8"
"1888","CG11980"
"1889","r-l"
"1890","CG5916"
"1891","Sec22"
"1892","neur"
"1893","neur"
"1894","CG42709"
"1895","CG42709"
"1896","CG42709"
"1897","up"
"1898","Stim"
"1899","Pcyt1"
"1900","CCT1"
"1901","pit"
"1902","MICU1"
"1903","Clic"
"1904","Synd"
"1905","Synd"
"1906","x16"
"1907","SelD"
"1908","GCS2beta"
"1909","Cpr"
"1910","Lmpt"
"1911","CG1440"
"1912","Gdi"
"1913","CG12096"
"1914","GlyS"
"1915","Rpn7"
"1916","CG5044"
"1917","CG5966"
"1918","CG11367"
"1919","CCT7"
"1920","CG4572"
"1921","SH3PX1"
"1922","CG32486"
"1923","CG9536"
"1924","Fic"
"1925","Sodh-2"
"1926","PIG-B"
"1927","CG10444"
"1928","CG10444"
"1929","Tpc1"
"1930","Ptp61F"
"1931","Ptp61F"
"1932","Rim2"
"1933","CG13397"
"1934","CG7430"
"1935","CG3702"
"1936","Traf-like"
"1937","Tango9"
"1938","Dronc"
"1939","p115"
"1940","CG10026"
"1941","CG8963"
"1942","CCT2"
"1943","Dgkepsilon"
"1944","Rpt2"
"1945","Sply"
"1946","Unc-115a"
"1947","CG6665"
"1948","CG12004"
"1949","Rop"
"1950","Pax"
"1951","Pax"
"1952","lic"
"1953","128up"
"1954","AP-2mu"
"1955","PH4alphaEFB"
"1956","CG5721"
"1957","Plap"
"1958","alpha-Man-Ib"
"1959","CG4199"
"1960","Arpc1"
"1961","cathD"
"1962","Pxn"
"1963","VhaSFD"
"1964","Nup44A"
"1965","cpb"
"1966","Hmt-1"
"1967","CG7943"
"1968","Cdep"
"1969","CG1907"
"1970","sgl"
"1971","Adck"
"1972","Cyp9c1"
"1973","Moe"
"1974","Spred"
"1975","Flo1"
"1976","SCOT"
"1977","TMS1"
"1978","CG42748"
"1979","stv"
"1980","CG3625"
"1981","CG11334"
"1982","CG32066"
"1983","CG32066"
"1984","sip3"
"1985","Argk"
"1986","POLDIP2"
"1987","CG3860"
"1988","metro"
"1989","Thiolase"
"1990","Mipp2"
"1991","CG7131"
"1992","CG8043"
"1993","Ddc"
"1994","AdenoK"
"1995","CG4230"
"1996","Pfrx"
"1997","CG30291"
"1998","Vha68-1"
"1999","Spn42Da"
"2000","Trpm"
"2001","MFS9"
"2002","CG13671"
"2003","betaggt-II"
"2004","CG7724"
"2005","CG7724"
"2006","CG4239"
"2007","CG7011"
"2008","CG14969"
"2009","CG5989"
"2010","lqf"
"2011","sesB"
"2012","Droj2"
"2013","bic"
"2014","AnxB11"
"2015","AnxB11"
"2016","eIF4A"
"2017","eIF4A"
"2018","Hn"
"2019","yip2"
"2020","row"
"2021","RpL4"
"2022","Acox57D-d"
"2023","Eip55E"
"2024","CG6903"
"2025","car"
"2026","Tsf2"
"2027","Got1"
"2028","CG5033"
"2029","Hel25E"
"2030","CG10565"
"2031","Gdh"
"2032","Dp"
"2033","Dp"
"2034","pAbp"
"2035","Nup50"
"2036","flr"
"2037","CG10171"
"2038","CG8531"
"2039","Syx13"
"2040","CaBP1"
"2041","fax"
"2042","cN-IIIB"
"2043","cN-IIIB"
"2044","EloA"
"2045","CG10098"
"2046","CycY"
"2047","nop5"
"2048","Mys45A"
"2049","CG8003"
"2050","CG8187"
"2051","CG2258"
"2052","ras"
"2053","Fit1"
"2054","Cul2"
"2055","gig"
"2056","twf"
"2057","yps"
"2058","Hrb98DE"
"2059","CG10657"
"2060","lark"
"2061","mRpS29"
"2062","Usp30"
"2063","CG10237"
"2064","Arc1"
"2065","Ndc1"
"2066","CG5599"
"2067","Syx1A"
"2068","Doa"
"2069","CG1105"
"2070","CG1105"
"2071","CG1105"
"2072","CG8223"
"2073","mio"
"2074","Sf3b2"
"2075","Nsun2"
"2076","sea"
"2077","CG9246"
"2078","CG12237"
"2079","CG9186"
"2080","CG5068"
"2081","Flo2"
"2082","CG5447"
"2083","CAP"
"2084","SCAR"
"2085","Rpt1"
"2086","CG5646"
"2087","PIG-S"
"2088","PHGPx"
"2089","MESK2"
"2090","ninaB"
"2091","CG11811"
"2092","cin"
"2093","CG7470"
"2094","CtBP"
"2095","NaPi-III"
"2096","Syx7"
"2097","mnd"
"2098","TRAM"
"2099","CkIIalpha"
"2100","CG6293"
"2101","Atg5"
"2102","lace"
"2103","Gint3"
"2104","Prat"
"2105","xit"
"2106","Pka-R2"
"2107","ArfGAP3"
"2108","CG8399"
"2109","Herp"
"2110","veil"
"2111","CG5844"
"2112","Ddx1"
"2113","MFS18"
"2114","Spp"
"2115","Ndfip"
"2116","par-6"
"2117","Rbsn-5"
"2118","Srp54"
"2119","msk"
"2120","Git"
"2121","Dhx15"
"2122","ome"
"2123","CG3107"
"2124","CalpA"
"2125","Gp93"
"2126","Acn"
"2127","eca"
"2128","RpS2"
"2129","Indy"
"2130","CG10077"
"2131","SNF4Agamma"
"2132","CG1486"
"2133","Epac"
"2134","CG34417"
"2135","CG7708"
"2136","Gfrl"
"2137","ref(2)P"
"2138","capu"
"2139","kcc"
"2140","for"
"2141","porin"
"2142","porin"
"2143","CG2918"
"2144","l(2)k05819"
"2145","Treh"
"2146","wit"
"2147","mew"
"2148","mew"
"2149","Lpin"
"2150","fus"
"2151","Unc-89"
"2152","Moca-cyp"
"2153","Pka-R1"
"2154","Pka-R1"
"2155","Vrp1"
"2156","Ncc69"
"2157","blw"
"2158","CG32512"
"2159","tst"
"2160","ALiX"
"2161","Galphas"
"2162","Men"
"2163","CG4849"
"2164","Klp10A"
"2165","alt"
"2166","dlt"
"2167","wdb"
"2168","Src64B"
"2169","Src64B"
"2170","Lon"
"2171","Doa"
"2172","rin"
"2173","RpS6"
"2174","CG7546"
"2175","Osbp"
"2176","htl"
"2177","Lam"
"2178","Lam"
"2179","Hsc70Cb"
"2180","Liprin-alpha"
"2181","CG6659"
"2182","CG8405"
"2183","Fur1"
"2184","Actn"
"2185","Actn"
"2186","Dis3l2"
"2187","coro"
"2188","Psi"
"2189","Ubqn"
"2190","Ge-1"
"2191","Cka"
"2192","CG5728"
"2193","Pi3K21B"
"2194","Hem"
"2195","HDAC6"
"2196","Usp20-33"
"2197","Pex1"
"2198","oxt"
"2199","oxt"
"2200","Prosbeta2"
"2201","inaE"
"2202","swm"
"2203","alphaCOP"
"2204","MYPT-75D"
"2205","MYPT-75D"
"2206","for"
"2207","dlp"
"2208","Saf-B"
"2209","Sec24CD"
"2210","orb2"
"2211","orb2"
"2212","Rab3"
"2213","Rab3"
"2214","CG3961"
"2215","CG6512"
"2216","Myo31DF"
"2217","RpI135"
"2218","Acsl"
"2219","Khc"
"2220","CAP"
"2221","Usp2"
"2222","Nedd4"
"2223","PyK"
"2224","CG8468"
"2225","CG10413"
"2226","Tm1"
"2227","mfrn"
"2228","CG16979"
"2229","amon"
"2230","Men-b"
"2231","CG1358"
"2232","nolo"
"2233","Got2"
"2234","sNPF-R"
"2235","Uba1"
"2236","tkv"
"2237","Hrb27C"
"2238","spoon"
"2239","Grip91"
"2240","CG2938"
"2241","Rcd1"
"2242","arm"
"2243","Mvl"
"2244","CG9934"
"2245","Vav"
"2246","IleRS"
"2247","rudhira"
"2248","Ptpmeg2"
"2249","Cbp80"
"2250","PEK"
"2251","LeuRS-m"
"2252","SIDL"
"2253","emb"
"2254","dome"
"2255","Slmap"
"2256","CG3356"
"2257","Vinc"
"2258","Sec5"
"2259","Nep1"
"2260","Nep1"
"2261","Atx2"
"2262","CG13907"
"2263","TppII"
"2264","CG1951"
"2265","CG7611"
"2266","Ranbp9"
"2267","Mlc2"
"2268","Mlc2"
"2269","Prosbeta6"
"2270","CG6287"
"2271","Sf3a1"
"2272","Dg"
"2273","ACC"
"2274","Mhcl"
"2275","rols"
"2276","CG13917"
"2277","Hs3st-A"
"2278","Ect4"
"2279","rdgA"
"2280","CG31729"
"2281","Pi3K68D"
"2282","Usp10"
"2283","c11.1"
"2284","Upf1"
"2285","Cpsf160"
"2286","LBR"
"2287","GluProRS"
"2288","CG7806"
"2289","Chc"
"2290","gw"
"2291","Best1"
"2292","CG43658"
"2293","CG43658"
"2294","Pvr"
"2295","Pvr"
"2296","Pvr"
"2297","Nrg"
"2298","CG34417"
"2299","CG8858"
"2300","SNF4Agamma"
"2301","Mcr"
"2302","gek"
"2303","Als2"
"2304","brm"
"2305","cher"
"2306","stj"
"2307","CG12163"
"2308","jp"
"2309","jp"
"2310","jp"
"2311","chb"
"2312","mRpL33"
"2313","CG13364"
"2314","SmE"
"2315","ATPsynE"
"2316","ND-B18"
"2317","ND-13A"
"2318","Cdlc2"
"2319","STUB1"
"2320","RpS26"
"2321","RpL15"
"2322","CG15211"
"2323","Tdrd3"
"2324","mRpS11"
"2325","CG12171"
"2326","dnd"
"2327","ArgRS"
"2328","nes"
"2329","CG14270"
"2330","CG9018"
"2331","RpL7A"
"2332","CG13743"
"2333","CG30394"
"2334","Ptp69D"
"2335","mRpL22"
"2336","Rpn11"
"2337","eIF2alpha"
"2338","eRF3"
"2339","Tre1"
"2340","RpS15"
"2341","RpL6"
"2342","Slh"
"2343","CG31259"
"2344","CG15168"
"2345","CG5110"
"2346","mRpL45"
"2347","Hcs"
"2348","CG3408"
"2349","CG9391"
"2350","ATPsynbeta"
"2351","fw"
"2352","blp"
"2353","CG46280"
"2354","WASp"
"2355","Nmdar1"
"2356","Lip4"
"2357","CG11737"
"2358","Pbgs"
"2359","Alr"
"2360","CG17272"
"2361","CG9849"
"2362","Taz"
"2363","CG6225"
"2364","CG11318"
"2365","Sec63"
"2366","loqs"
"2367","Gip"
"2368","RpS25"
"2369","ND-B16.6"
"2370","Rab30"
"2371","SPR"
"2372","AsnRS-m"
"2373","CG9921"
"2374","tau"
"2375","Arf51F"
"2376","Tailor"
"2377","smp-30"
"2378","CG8412"
"2379","RpL26"
"2380","RpL35A"
"2381","Rab9"
"2382","Rab9"
"2383","Mctp"
"2384","RpS7"
"2385","CG11396"
"2386","mRpL41"
"2387","CG6337"
"2388","CG15743"
"2389","ATPsynG"
"2390","CG8207"
"2391","Mnn1"
"2392","eIF3l"
"2393","CG1354"
"2394","Pex14"
"2395","CG9577"
"2396","SNF4Agamma"
"2397","Sdc"
"2398","Sdc"
"2399","Sdc"
"2400","Prosalpha3"
"2401","Dad1"
"2402","knk"
"2403","ATPsyndelta"
"2404","CG11857"
"2405","Vps60"
"2406","CG18507"
"2407","ND-B14"
"2408","RpL18A"
"2409","CG1998"
"2410","CG11319"
"2411","Prosalpha4"
"2412","Prosalpha4"
"2413","CG9416"
"2414","mRpS17"
"2415","RpL12"
"2416","ND-B14.5B"
"2417","Tsp74F"
"2418","olf186-F"
"2419","olf186-F"
"2420","CG13827"
"2421","Aatf"
"2422","RpL24"
"2423","CkIIbeta"
"2424","Cpsf73"
"2425","wds"
"2426","galectin"
"2427","galectin"
"2428","galectin"
"2429","galectin"
"2430","galectin"
"2431","CG5861"
"2432","RpL5"
"2433","Cat"
"2434","CG12990"
"2435","CG12547"
"2436","zyd"
"2437","Pis"
"2438","ATPsyngamma"
"2439","CG18549"
"2440","Ras64B"
"2441","Rpn12"
"2442","CG7739"
"2443","Nurf-38"
"2444","CG7785"
"2445","RpL8"
"2446","CG8323"
"2447","Chchd3"
"2448","eEF2"
"2449","Tsp66E"
"2450","Pex11"
"2451","nac"
"2452","CG7071"
"2453","CG32850"
"2454","CG7638"
"2455","CG1172"
"2456","CG1172"
"2457","CG11151"
"2458","ninaE"
"2459","Rap1"
"2460","Rab21"
"2461","COX5A"
"2462","Den1"
"2463","mRpL17"
"2464","Arpc4"
"2465","alpha-Man-Ia"
"2466","Syt7"
"2467","CG11562"
"2468","sicily"
"2469","Ptr"
"2470","CG5676"
"2471","CG1983"
"2472","veli"
"2473","CG5059"
"2474","hgo"
"2475","Rab19"
"2476","p24-1"
"2477","Cisd2"
"2478","mRpL23"
"2479","CG11447"
"2480","CG5510"
"2481","CG3634"
"2482","Snx3"
"2483","Sod2"
"2484","Sod1"
"2485","CG7394"
"2486","bai"
"2487","RpL28"
"2488","Arf102F"
"2489","RpS15Aa"
"2490","CG3803"
"2491","eIF4B"
"2492","Shaw"
"2493","Shaw"
"2494","CG7718"
"2495","CG11077"
"2496","GstO3"
"2497","nudC"
"2498","Sec15"
"2499","Sec15"
"2500","Mp20"
"2501","Pde1c"
"2502","CG17528"
"2503","CG17528"
"2504","CG14015"
"2505","CG6767"
"2506","CG6767"
"2507","S2P"
"2508","nonA"
"2509","Dhpr"
"2510","CG4666"
"2511","CG11377"
"2512","CG5096"
"2513","CG31249"
"2514","RpS24"
"2515","bves"
"2516","CG12121"
"2517","CG17883"
"2518","Ipp"
"2519","Mdh2"
"2520","CG11134"
"2521","RpL21"
"2522","CG6638"
"2523","QIL1"
"2524","CG14291"
"2525","ArfGAP1"
"2526","CG40045"
"2527","mRpL38"
"2528","ClC-b"
"2529","Sk1"
"2530","qm"
"2531","mRpL40"
"2532","Nca"
"2533","CG18473"
"2534","Cyt-b5"
"2535","SdhD"
"2536","Fas3"
"2537","Ptp36E"
"2538","NLaz"
"2539","Ttc19"
"2540","mRpL11"
"2541","CG14450"
"2542","CG10075"
"2543","CG13893"
"2544","CG1673"
"2545","CG1673"
"2546","Syn2"
"2547","Gdap1"
"2548","Gapdh1"
"2549","Mkk4"
"2550","CCT1"
"2551","Usp5"
"2552","CSN6"
"2553","Spase22-23"
"2554","pix"
"2555","mRpL42"
"2556","bru1"
"2557","bru1"
"2558","SelR"
"2559","CG31145"
"2560","Swim"
"2561","CG17715"
"2562","CG1265"
"2563","Miga"
"2564","AdSS"
"2565","AdSS"
"2566","CG5382"
"2567","Ubc7"
"2568","CG15611"
"2569","Eb1"
"2570","Dbp80"
"2571","Dbp80"
"2572","CG2846"
"2573","TM9SF3"
"2574","CG12338"
"2575","CG5969"
"2576","ZnT35C"
"2577","mys"
"2578","PRL-1"
"2579","mRpS2"
"2580","CCT4"
"2581","Surf4"
"2582","CG3792"
"2583","Pabp2"
"2584","Golgin84"
"2585","Pcmt"
"2586","RpLP0"
"2587","Rack1"
"2588","CG13077"
"2589","RpL18"
"2590","Ccz1"
"2591","CanB"
"2592","levy"
"2593","RpL32"
"2594","CG11655"
"2595","Arp1"
"2596","RpL7"
"2597","se"
"2598","Gnmt"
"2599","CG3061"
"2600","RpS16"
"2601","RpS30"
"2602","CG14591"
"2603","CG3603"
"2604","mRpS6"
"2605","ND-13B"
"2606","mRpS31"
"2607","CG18528"
"2608","FER"
"2609","Vamp7"
"2610","Cyt-c-p"
"2611","Gbeta5"
"2612","ND-18"
"2613","ND-SGDH"
"2614","CG12025"
"2615","CG2065"
"2616","CG2065"
"2617","scf"
"2618","Pal2"
"2619","awd"
"2620","ADPS"
"2621","CG3740"
"2622","Vps20"
"2623","CG10646"
"2624","CG3999"
"2625","CG11267"
"2626","Bet1"
"2627","CG9399"
"2628","mRpL9"
"2629","mRpS9"
"2630","UQCR-14"
"2631","CG15385"
"2632","RpL34b"
"2633","Tango14"
"2634","COX5B"
"2635","CG5028"
"2636","CG2862"
"2637","ND-B14.7"
"2638","CG6299"
"2639","CG12279"
"2640","by"
"2641","CG7322"
"2642","inaD"
"2643","inaD"
"2644","ATPsynD"
"2645","spidey"
"2646","Mgstl"
"2647","Syngr"
"2648","CG14022"
"2649","sn"
"2650","sn"
"2651","rho-7"
"2652","CG11858"
"2653","CG4908"
"2654","Scamp"
"2655","Vta1"
"2656","EloC"
"2657","Prosbeta4"
"2658","CG4598"
"2659","CG1598"
"2660","CRIF"
"2661","CG30496"
"2662","Invadolysin"
"2663","CG30373"
"2664","CG2698"
"2665","CG5174"
"2666","CG9297"
"2667","Moca-cyp"
"2668","CG12746"
"2669","CG2010"
"2670","Syb"
"2671","mmy"
"2672","eEF1gamma"
"2673","Nop56"
"2674","ps"
"2675","gammaCOP"
"2676","CG33129"
"2677","NitFhit"
"2678","UQCR-C2"
"2679","PIG-K"
"2680","CG9222"
"2681","lectin-46Cb"
"2682","CG6195"
"2683","COX4L"
"2684","CG14721"
"2685","Rpn8"
"2686","CG8526"
"2687","Der-2"
"2688","CG30491"
"2689","Dgk"
"2690","Calx"
"2691","Calx"
"2692","Mulk"
"2693","Usp2"
"2694","CG32022"
"2695","asrij"
"2696","ND-B22"
"2697","kdn"
"2698","rngo"
"2699","CG15543"
"2700","Kr-h2"
"2701","PIG-F"
"2702","Vha13"
"2703","Vha13"
"2704","HtrA2"
"2705","CLS"
"2706","CG11722"
"2707","Mul1"
"2708","Buffy"
"2709","mTTF"
"2710","mTTF"
"2711","CG12111"
"2712","CG12111"
"2713","Coq2"
"2714","CG10026"
"2715","Mtl"
"2716","Adk1"
"2717","PGAP5"
"2718","Scox"
"2719","CG5458"
"2720","Tret1-2"
"2721","Hsp83"
"2722","Hsp83"
"2723","Past1"
"2724","sip3"
"2725","ND-ACP"
"2726","Lasp"
"2727","Tektin-C"
"2728","CG14305"
"2729","MagR"
"2730","Mical"
"2731","Mical"
"2732","scpr-C"
"2733","san"
"2734","glo"
"2735","glo"
"2736","RpL27"
"2737","CG31803"
"2738","B52"
"2739","B52"
"2740","mRpL47"
"2741","CG31717"
"2742","CG3788"
"2743","SCCRO3"
"2744","MESK2"
"2745","DppIII"
"2746","fbl"
"2747","twin"
"2748","ATPsynO"
"2749","CG1882"
"2750","Tom7"
"2751","CG9662"
"2752","UQCR-Q"
"2753","Prosalpha7"
"2754","Tep2"
"2755","betaTub85D"
"2756","CG3652"
"2757","Act79B"
"2758","CG5554"
"2759","Sirt4"
"2760","tow"
"2761","rush"
"2762","CG13319"
"2763","CG1824"
"2764","CG11999"
"2765","Pfdn6"
"2766","CREG"
"2767","Arl1"
"2768","RpS19a"
"2769","CG6724"
"2770","mRpL18"
"2771","ZnT86D"
"2772","CG11137"
"2773","krz"
"2774","krz"
"2775","CG10362"
"2776","EMC3"
"2777","shep"
"2778","RpL22"
"2779","betaTub56D"
"2780","RhoGAP1A"
"2781","RpS3"
"2782","eIF3f1"
"2783","CG18745"
"2784","CG5131"
"2785","CG17752"
"2786","CG17752"
"2787","sgll"
"2788","CG10877"
"2789","CG7881"
"2790","pyd"
"2791","CG2070"
"2792","CG2070"
"2793","MFS12"
"2794","MFS12"
"2795","Prx5"
"2796","CG17119"
"2797","AspRS-m"
"2798","Seipin"
"2799","Vps45"
"2800","mRpS16"
"2801","GC1"
"2802","CG7484"
"2803","RpS8"
"2804","CG5569"
"2805","Pngl"
"2806","RpS19b"
"2807","Arc42"
"2808","l(3)87Df"
"2809","CG4995"
"2810","CG5946"
"2811","Lam"
"2812","Lam"
"2813","twin"
"2814","GCC88"
"2815","CLIP-190"
"2816","sta"
"2817","Pmp70"
"2818","Act42A"
"2819","Tudor-SN"
"2820","HEATR2"
"2821","RpS7"
"2822","Ggamma30A"
"2823","ssp3"
"2824","CRAT"
"2825","Sf3b3"
"2826","l(3)72Ab"
"2827","CG8841"
"2828","CG1703"
"2829","CG6841"
"2830","Ptr"
"2831","PIG-Z"
"2832","mRpS35"
"2833","Smurf"
"2834","mip130"
"2835","Eb1"
"2836","Nsf2"
"2837","ens"
"2838","ens"
"2839","ens"
"2840","Spt5"
"2841","Cul3"
"2842","fz2"
"2843","Lis-1"
"2844","Sk2"
"2845","Plc21C"
"2846","mib2"
"2847","UGP"
"2848","Ranbp16"
"2849","rdgBbeta"
"2850","dia"
"2851","dmGlut"
"2852","Jupiter"
"2853","DppIII"
"2854","Rap1"
"2855","Nmda1"
"2856","CG1275"
"2857","Oatp74D"
"2858","CG12163"
"2859","CREG"
"2860","Snx16"
"2861","CG3530"
"2862","CG3530"
"2863","fws"
"2864","CTPsyn"
"2865","Aldh-III"
"2866","Aldh-III"
"2867","SNF4Agamma"
"2868","Nup133"
"2869","SMSr"
"2870","Tim10"
"2871","Tim8"
"2872","CG6115"
"2873","RpS27"
"2874","CG17333"
"2875","nAChRbeta1"
"2876","nAChRbeta1"
"2877","nAChRbeta1"
"2878","nAChRbeta1"
"2879","PHGPx"
"2880","Tim23"
"2881","Syx8"
"2882","Pmm2"
"2883","Tpi"
"2884","CaMKI"
"2885","CG33523"
"2886","Mlp84B"
"2887","RpS17"
"2888","Calr"
"2889","Hsl"
"2890","CAP"
"2891","MAN1"
"2892","isoQC"
"2893","aru"
"2894","Jupiter"
"2895","Dhod"
"2896","LRR"
"2897","SLC22A"
"2898","Pex13"
"2899","CG1316"
"2900","wun"
"2901","CG5033"
"2902","Sar1"
"2903","CG9775"
"2904","ATPsynCF6"
"2905","CG12170"
"2906","Inos"
"2907","Zip99C"
"2908","CG31548"
"2909","CG5854"
"2910","glob1"
"2911","fabp"
"2912","fabp"
"2913","fabp"
"2914","fabp"
"2915","fabp"
"2916","fabp"
"2917","Pop2"
"2918","ThrRS"
"2919","PHGPx"
"2920","CG15118"
"2921","Nmda1"
"2922","Pect"
"2923","Pex19"
"2924","CG12093"
"2925","CG6084"
"2926","CG6084"
"2927","CG11125"
"2928","alphaTub84B"
"2929","dre4"
"2930","MESK2"
"2931","CG6420"
"2932","RhoGEF3"
"2933","RhoGEF3"
"2934","KrT95D"
"2935","CG42514"
"2936","CG43373"
"2937","Rpn10"
"2938","gish"
"2939","Gnf1"
"2940","muc"
"2941","stck"
"2942","RhoGEF3"
"2943","RhoGEF3"
"2944","RpL36"
"2945","CG13392"
"2946","sm"
"2947","CG6752"
"2948","CG8176"
"2949","CG8176"
"2950","ps"
"2951","Neb-cGP"
"2952","ND-MLRQ"
"2953","ND-B15"
"2954","RpS29"
"2955","RpL37A"
"2956","CG6878"
"2957","CG33181"
"2958","CG7646"
"2959","Fis1"
"2960","CG8343"
"2961","CG14812"
"2962","CG18081"
"2963","AP-2sigma"
"2964","RpL32"
"2965","RpL10Ab"
"2966","cni"
"2967","Srp9"
"2968","sun"
"2969","CG31648"
"2970","Tina-1"
"2971","ATPsynB"
"2972","ATPsynbeta"
"2973","Tsp2A"
"2974","RpS4"
"2975","P5cr-2"
"2976","RpL5"
"2977","Ubc10"
"2978","Rap2l"
"2979","Rap2l"
"2980","Rap2l"
"2981","Adk1"
"2982","eIF4E1"
"2983","PGRP-LB"
"2984","Fkbp14"
"2985","CG2076"
"2986","CG14621"
"2987","ninaE"
"2988","Ccm3"
"2989","Spt-I"
"2990","CG5059"
"2991","Trp1"
"2992","Herp"
"2993","mRNA-cap"
"2994","CG11089"
"2995","jdp"
"2996","ND-75"
"2997","Flo2"
"2998","Tg"
"2999","Atg9"
"3000","CG11210"
"3001","Gat"
"3002","Mct1"
"3003","GLS"
"3004","comt"
"3005","CG33331"
"3006","CG13784"
"3007","Pect"
"3008","alien"
"3009","Ost48"
"3010","CG33523"
"3011","CG16758"
"3012","RtcB"
"3013","Syx5"
"3014","Gdi"
"3015","eEF1alpha1"
"3016","whd"
"3017","Fas2"
"3018","Fas2"
"3019","Wsck"
"3020","Tm1"
"3021","shi"
"3022","Zip99C"
"3023","pum"
"3024","Fs(2)Ket"
"3025","NAT1"
"3026","Nc73EF"
"3027","SREBP"
"3028","Pde8"
"3029","Pi3K92E"
"3030","Gp210"
"3031","Pkc53E"
"3032","Npl4"
"3033","Nc73EF"
"3034","Lap1"
"3035","Lap1"
"3036","oys"
"3037","rdgA"
"3038","CG5087"
"3039","dally"
"3040","CG8177"
"3041","hop"
"3042","hop"
"3043","brm"
"3044","PlexB"
"3045","PlexB"
"3046","PlexB"
"3047","Sln"
"3048","SpdS"
"3049","row"
"3050","Cont"
"3051","Cont"
"3052","RpL10"
"3053","CG42540"
"3054","CG4908"
"3055","Marf"
"3056","Dop2R"
"3057","mgl"
"3058","Tm1"
"3059","mtSSB"
"3060","CAP"
"3061","Mgstl"
"3062","CG8613"
"3063","Stat92E"
"3064","UGP"
"3065","CG33217"
"3066","Sec61beta"
"3067","CG10470"
"3068","isoQC"
"3069","neur"
"3070","neur"
"3071","CG7231"
"3072","Lmpt"
"3073","Epg5"
"3074","Miro"
"3075","RpL30"
"3076","Rbp6"
"3077","RpL28"
"3078","cype"
"3079","DCP1"
"3080","DCP1"
"3081","CG7582"
"3082","ry"
"3083","Synj"
"3084","Pgk"
"3085","GABA-B-R2"
"3086","Mgat2"
"3087","mRpS22"
"3088","tral"
"3089","CG33523"
"3090","MESK2"
"3091","Eaat2"
"3092","Vmat"
"3093","sif"
"3094","Lsd-1"
"3095","CG6567"
"3096","Bace"
"3097","mfas"
"3098","hoe1"
"3099","Evi5"
"3100","par-1"
"3101","Mhcl"
"3102","l(3)02640"
"3103","CG7324"
"3104","CG7324"
"3105","Vmat"
"3106","CG17660"
"3107","CG17660"
"3108","beta'COP"
"3109","CG6652"
"3110","jdp"
"3111","CG10737"
"3112","GLS"
"3113","parvin"
"3114","CG42540"
"3115","PKD"
"3116","PKD"
"3117","CG12159"
"3118","CG10418"
"3119","Pdh"
"3120","ORMDL"
"3121","wbl"
"3122","mRpS18C"
"3123","Amnionless"
"3124","CG32069"
"3125","CG16986"
"3126","Prp19"
"3127","UQCR-14L"
"3128","PIG-X"
"3129","CG13663"
"3130","CG11110"
"3131","Pex12"
"3132","CG13950"
"3133","CG13950"
"3134","CG13950"
"3135","CG13950"
"3136","CG13950"
"3137","CG18547"
"3138","CG18547"
"3139","CG42269"
"3140","CG7194"
"3141","Cdc5"
"3142","sw"
"3143","LanB2"
"3144","FucTB"
"3145","CG7639"
"3146","Zir"
"3147","dsh"
"3148","PAPLA1"
"3149","Pdcd4"
"3150","Rab4"
"3151","Rab4"
"3152","Wbp2"
"3153","eIF4G1"
"3154","eIF4G1"
"3155","SppL"
"3156","sqd"
"3157","Ero1L"
"3158","hop"
"3159","hop"
"3160","UBL3"
"3161","CG7564"
"3162","cta"
"3163","Lerp"
"3164","Nopp140"
"3165","CG31915"
"3166","SelR"
"3167","Ank"
"3168","PlexA"
"3169","LpR2"
"3170","FoxK"
"3171","FoxK"
"3172","heph"
"3173","heph"
"3174","heph"
"3175","CG9003"
"3176","flfl"
"3177","Fmr1"
"3178","how"
"3179","Prosap"
"3180","baz"
"3181","CG3638"
"3182","prominin-like"
"3183","CG31678"
"3184","tty"
"3185","Psn"
"3186","ena"
"3187","AIMP2"
"3188","CG8108"
"3189","CG3662"
"3190","CG3662"
"3191","CG3662"
"3192","Ac3"
"3193","sqd"
"3194","Hcf"
"3195","Su(dx)"
"3196","Su(dx)"
"3197","mub"
"3198","Pu"
"3199","Nup160"
"3200","CG6227"
"3201","Jupiter"
"3202","mle"
"3203","lig"
"3204","CG9799"
"3205","AGO1"
"3206","egr"
"3207","Gs2"
"3208","Cp1"
"3209","AdenoK"
"3210","CG5355"
"3211","CG32669"
"3212","CG32669"
"3213","CG8036"
"3214","CG8036"
"3215","CG17593"
"3216","Oatp58Dc"
"3217","fbl"
"3218","CG7966"
"3219","AP-1-2beta"
"3220","otk"
"3221","Hsc70-4"
"3222","CG13124"
"3223","SerRS"
"3224","RSG7"
"3225","kek5"
"3226","kek5"
"3227","kek5"
"3228","Adk3"
"3229","Unc-115a"
"3230","Syb"
"3231","Rbcn-3B"
"3232","Prx3"
"3233","mtd"
"3234","mtd"
"3235","Msp300"
"3236","CG8202"
"3237","FeCH"
"3238","CG18278"
"3239","Slc45-1"
"3240","sky"
"3241","Spn42Da"
"3242","vari"
"3243","caps"
"3244","ND-19"
"3245","CG15706"
"3246","CG1882"
"3247","CG42788"
"3248","par-1"
"3249","Spt5"
"3250","CG2852"
"3251","CG11980"
"3252","PIG-T"
"3253","Gs1l"
"3254","betaTub60D"
"3255","l(2)k05819"
"3256","CG3530"
"3257","CG3530"
"3258","CG8028"
"3259","bcn92"
"3260","EloB"
"3261","Drip"
"3262","eIF2Bbeta"
"3263","EndoB"
"3264","Zip102B"
"3265","Bet3"
"3266","eEF1alpha2"
"3267","RpL9"
"3268","tobi"
"3269","eIF3d1"
"3270","MESK2"
"3271","Uev1A"
"3272","CG5038"
"3273","CG1674"
"3274","CG1674"
"3275","CG1674"
"3276","kar"
"3277","SdhC"
"3278","CG6191"
"3279","RpS20"
"3280","CG33169"
"3281","tko"
"3282","UQCR-6.4"
"3283","Pdh"
"3284","vari"
"3285","Ucp4A"
"3286","RpL14"
"3287","stumps"
"3288","Shal"
"3289","CG4752"
"3290","CG33129"
"3291","CYLD"
"3292","CG9062"
"3293","CG12355"
"3294","hay"
"3295","mRpS25"
"3296","Irk3"
"3297","Irk3"
"3298","Acyp2"
"3299","CG14512"
"3300","CG43795"
"3301","Ppat-Dpck"
"3302","cora"
"3303","Galphaq"
"3304","CG1637"
"3305","Pten"
"3306","CG6707"
"3307","GstO2"
"3308","Spn42Da"
"3309","RpS18"
"3310","mio"
"3311","CG7546"
"3312","aux"
"3313","CG1607"
"3314","CG8778"
"3315","Crag"
"3316","Tim9a"
"3317","scu"
"3318","CG31937"
"3319","CG4627"
"3320","CG30047"
"3321","CG17928"
"3322","CG17928"
"3323","CG17928"
"3324","CG33096"
"3325","CG7882"
"3326","RpL36A"
"3327","Zip71B"
"3328","Arr2"
"3329","Rab14"
"3330","CG5254"
"3331","awd"
"3332","Gos28"
"3333","RpL23A"
"3334","mRpL30"
"3335","O-fut1"
"3336","TyrRS-m"
"3337","SrpRbeta"
"3338","Eip71CD"
"3339","vimar"
"3340","CG8111"
"3341","CG17726"
"3342","CASK"
"3343","CG10361"
"3344","l(2)gl"
"3345","DCTN1-p150"
"3346","Iswi"
"3347","ple"
"3348","CG2023"
"3349","CG31145"
"3350","mRpL28"
"3351","CG1317"
"3352","CG9855"
"3353","beta-Man"
"3354","CG8128"
"3355","AMPKalpha"
"3356","drpr"
"3357","TrpRS-m"
"3358","AIF"
"3359","CG15814"
"3360","AdSL"
"3361","CG8726"
"3362","Gtp-bp"
"3363","mbt"
"3364","Wdr59"
"3365","Apc2"
"3366","Atpalpha"
"3367","PIP5K59B"
"3368","eIF4E1"
"3369","EndoA"
"3370","bgm"
"3371","cno"
"3372","CG7956"
"3373","Eno"
"3374","CG6356"
"3375","CG4984"
"3376","ND-B12"
"3377","RpL37a"
"3378","CG3640"
"3379","gudu"
"3380","Sirup"
"3381","sun"
"3382","RpS6"
"3383","primo-1"
"3384","CG3270"
"3385","kar"
"3386","EMC1"
"3387","CG9044"
"3388","Glut1"
"3389","Glut1"
"3390","PIG-L"
"3391","nrv1"
"3392","CG1371"
"3393","CG1371"
"3394","mRpL15"
"3395","Galt"
"3396","P5CDh1"
"3397","RhoGAP93B"
"3398","CG11920"
"3399","CG5532"
"3400","eIF3h"
"3401","RpS3A"
"3402","Spase12"
"3403","homer"
"3404","Tao"
"3405","tsr"
"3406","tkv"
"3407","CG17556"
"3408","CG3589"
"3409","CG8545"
"3410","CG7675"
"3411","RpS9"
"3412","tacc"
"3413","tacc"
"3414","CSN5"
"3415","CG6479"
"3416","Pex23"
"3417","Csp"
"3418","CG3961"
"3419","Pax"
"3420","Pax"
"3421","Rcd1"
"3422","Stim"
"3423","AnxB11"
"3424","AnxB11"
"3425","Pkc98E"
"3426","spir"
"3427","RhoGEF3"
"3428","RhoGEF3"
"3429","mRpL27"
"3430","mRpS18A"
"3431","CG5390"
"3432","CG5390"
"3433","TppII"
"3434","CG3337"
"3435","norpA"
"3436","DIP2"
"3437","CG8549"
"3438","boca"
"3439","mRRF1"
"3440","GlcAT-I"
"3441","Mal-B1"
"3442","CG11241"
"3443","Pfk"
"3444","Ssrp"
"3445","Jupiter"
"3446","CG6891"
"3447","Rab26"
"3448","Rab26"
"3449","Gmd"
"3450","Updo"
"3451","CG5377"
"3452","CG3902"
"3453","Alas"
"3454","dor"
"3455","CG3817"
"3456","Membrin"
"3457","Culd"
"3458","Culd"
"3459","lqfR"
"3460","CG3530"
"3461","CG3530"
"3462","CG7766"
"3463","CG7766"
"3464","CG13124"
"3465","CG5196"
"3466","Ect4"
"3467","CG13850"
"3468","CG4678"
"3469","alpha-Man-Ia"
"3470","dnc"
"3471","su(r)"
"3472","S-Lap2"
"3473","Slmap"
"3474","RhoGAP1A"
"3475","Taldo"
"3476","CG11779"
"3477","AkhR"
"3478","AsnS"
"3479","CG31075"
"3480","CG2145"
"3481","CG11537"
"3482","CG7616"
"3483","Aldh"
"3484","Dhod"
"3485","CG10132"
"3486","sws"
"3487","Gfrl"
"3488","alc"
"3489","LpR2"
"3490","CG4629"
"3491","Tina-1"
"3492","Zasp52"
"3493","Zasp52"
"3494","C3G"
"3495","l(3)neo43"
"3496","CG15403"
"3497","CG34351"
"3498","CG12848"
"3499","CG10581"
"3500","CG17266"
"3501","beat-VII"
"3502","CG34357"
"3503","mIF3"
"3504","CG13404"
"3505","CG31229"
"3506","Rab26"
"3507","Rab26"
"3508","Gba1b"
"3509","Snp"
"3510","CCHa2-R"
"3511","CG13794"
"3512","CG30345"
"3513","CG14857"
"3514","Sema2b"
"3515","Sema2b"
"3516","Gprk1"
"3517","Hasp"
"3518","CG10737"
"3519","RIC-3"
"3520","cu"
"3521","CG7766"
"3522","CG7766"
"3523","Cadps"
"3524","bel"
"3525","capt"
"3526","CAP"
"3527","Atet"
"3528","CG34228"
"3529","Pka-R2"
"3530","tau"
"3531","CG12004"
"3532","CG46280"
"3533","ome"
"3534","SNF4Agamma"
"3535","MICU1"
"3536","Pka-R2"
"3537","GLS"
"3538","CG11241"
"3539","CG33977"
"3540","CG8673"
"3541","CG34015"
"3542","St3"
"3543","ATPCL"
"3544","Gprk2"
"3545","mor"
"3546","CalpB"
"3547","Mgat1"
"3548","AP-2alpha"
"3549","CG14650"
"3550","Txl"
"3551","CG31064"
"3552","Vps26"
"3553","loj"
"3554","mon2"
"3555","spin"
"3556","meigo"
"3557","lt"
"3558","eIF4B"
"3559","msn"
"3560","Gdh"
"3561","Psi"
"3562","Smg5"
"3563","su(f)"
"3564","Stt3A"
"3565","Dhit"
"3566","SNF4Agamma"
"3567","Cerk"
"3568","Cht7"
"3569","Phb2"
"3570","ND-49"
"3571","Nha1"
"3572","fidipidine"
"3573","CG31140"
"3574","CG8774"
"3575","Usp14"
"3576","CG17715"
"3577","CG7083"
"3578","svr"
"3579","ome"
"3580","CG34348"
"3581","Rpi"
"3582","Mdr50"
"3583","Spn28Dc"
"3584","HnRNP-K"
"3585","CG3168"
"3586","CG4562"
"3587","nocte"
"3588","CG13605"
"3589","CG13605"
"3590","CG44837"
"3591","CG10869"
"3592","CG13384"
"3593","CG13384"
"3594","sxc"
"3595","CG5913"
"3596","spir"
"3597","olf186-F"
"3598","olf186-F"
"3599","Cdep"
"3600","su(f)"
"3601","Ork1"
"3602","Ork1"
"3603","retm"
"3604","Sodh-1"
"3605","Ubr1"
"3606","eIF3c"
"3607","CG9175"
"3608","Usp7"
"3609","CaMKII"
"3610","Rint1"
